,count,mean,std,min,max,missing_share
bureau_utilization,209902.0,0.2821933387773698,0.4821424262011892,-175.28923076923076,5.842603718660056,0.14676758479399044
bureau_days_credit_max,210764.0,-489.68916892827997,538.3596488838195,-2922.0,0.0,0.14326363370296902
prev_refusal_share,232834.0,0.11110117672002406,0.18451479440432378,0.0,1.0,0.053551104029137264
prev_amt_application_max,232834.0,374542.8152488039,421940.27090150776,0.0,5850000.0,0.053551104029137264
prev_cnt_payment_mean,232490.0,14.535749180715785,8.431137121646014,0.0,72.0,0.05494943253877923
prev_req_vs_granted_mean,232643.0,0.9689111849538121,0.17125474216043943,0.0,5.467109685069718,0.054327501544665216
bureau_credit_max,210763.0,975327.16128087,1976085.177760234,0.0,170100000.0,0.14326769861142727
bureau_max_overdue_amt,146940.0,9817.192347795019,408699.55712925154,0.0,115987185.0,0.40270235114305225
prev_req_vs_granted_max,232643.0,1.1140334158650855,0.31265042691213785,0.0,20.0,0.054327501544665216
prev_cnt_payment_max,232490.0,24.106116392102887,16.72030306053083,0.0,84.0,0.05494943253877923
prev_approval_rate,232834.0,0.7487335666750689,0.2623337494331499,0.0,1.0,0.053551104029137264
bureau_debt_max,204856.0,521492.09078671853,1348756.7443364803,-25959.645,170100000.0,0.16727911287437808
bureau_credit_sum,246008.0,1675568.0686437513,3969501.7351798234,0.0,1017957917.385,0.0
prev_share_revolving,232834.0,0.09821931809583091,0.16948419178998192,0.0,1.0,0.053551104029137264
bureau_share_active,210764.0,0.413231761560201,0.30808476632246756,0.0,1.0,0.14326363370296902
bureau_n_active,246008.0,1.7622597639101167,1.8031169556743878,0.0,32.0,0.0
bureau_bb_share_dpd_max,73666.0,0.04989939271868529,0.11668053876490334,0.0,1.0,0.7005544535137068
prev_n_approved,246008.0,2.882194887971123,2.1781916853086707,0.0,27.0,0.0
bureau_limit_sum,246008.0,20089.695966858802,93172.50381849815,-391566.645,8129328.210000001,0.0
bureau_overdue_amt_max,210764.0,201.34899311552257,15819.500426561966,0.0,3756681.0,0.14326363370296902
bureau_n_card,246008.0,1.1180002276348737,1.4630330841823056,0.0,22.0,0.0
prev_n_refused,246008.0,0.7997016357191636,1.7782118128556217,0.0,58.0,0.0
