kept,dropped,spearman,kept_auc,dropped_auc
AMT_GOODS_PRICE,AMT_CREDIT,0.9843030833761169,0.5337236339494755,0.5193173215791578
DAYS_BIRTH,age_years,-1.0,0.5843213514375287,0.5843213514375287
DAYS_EMPLOYED,employment_years,-0.9999999999494804,0.5822811744435077,0.5822811744435077
is_pensioner,FLAG_EMP_PHONE,-0.999848185306279,0.5326899858697458,0.5326869190511838
APARTMENTS_AVG,APARTMENTS_MEDI,0.9953926778925709,0.5395219744876658,0.5391422736216727
BASEMENTAREA_AVG,BASEMENTAREA_MEDI,0.9950320524634143,0.5251059201236264,0.524226310246341
YEARS_BEGINEXPLUATATION_AVG,YEARS_BEGINEXPLUATATION_MODE,0.9849687188192547,0.5297133008265611,0.5293819351450236
YEARS_BEGINEXPLUATATION_MEDI,YEARS_BEGINEXPLUATATION_AVG,0.997378089956828,0.5297554136222975,0.5297133008265611
YEARS_BUILD_AVG,YEARS_BUILD_MODE,0.987539326600945,0.5256657365950383,0.5253550390125845
YEARS_BUILD_MEDI,YEARS_BUILD_AVG,0.9983518241990765,0.5258312224363457,0.5256657365950383
COMMONAREA_AVG,COMMONAREA_MEDI,0.995821878021102,0.5203161351069694,0.5198169771450496
ELEVATORS_AVG,ELEVATORS_MEDI,0.991221708161098,0.5397731125916372,0.539020368562021
ENTRANCES_AVG,ENTRANCES_MEDI,0.9934646991181627,0.5269070785406731,0.5264252385060268
FLOORSMAX_AVG,FLOORSMAX_MODE,0.9815952111754171,0.5501811767644069,0.5485571543869356
FLOORSMAX_AVG,FLOORSMAX_MEDI,0.9949069650856708,0.5501811767644069,0.5498981273620949
FLOORSMIN_AVG,FLOORSMIN_MODE,0.9830761851082046,0.5356331833888262,0.5339985942098366
FLOORSMIN_AVG,FLOORSMIN_MEDI,0.996211654052277,0.5356331833888262,0.5354094971033769
LANDAREA_AVG,LANDAREA_MEDI,0.9962714475114453,0.5144494609876304,0.5142031167944343
LIVINGAPARTMENTS_AVG,LIVINGAPARTMENTS_MEDI,0.996347847834494,0.5345667144645205,0.5341942774648083
LIVINGAREA_AVG,LIVINGAREA_MEDI,0.995589636718767,0.5464625762984152,0.5460278107459411
NONLIVINGAPARTMENTS_AVG,NONLIVINGAPARTMENTS_MEDI,0.9819659673539449,0.5033092503997352,0.501742251193358
NONLIVINGAREA_AVG,NONLIVINGAREA_MEDI,0.9815264915484722,0.5145786836357513,0.5133639364143066
OBS_30_CNT_SOCIAL_CIRCLE,OBS_60_CNT_SOCIAL_CIRCLE,0.9973341563521915,0.5104616198694222,0.5102297046910714
bureau_overdue_amt_max,bureau_overdue_amt_sum,0.998772359910968,0.5071845149206905,0.505662206059891
bureau_days_overdue_mean,bureau_days_overdue_max,0.9999946150868371,0.506992332208208,0.5069896705520914
bureau_days_overdue_mean,bureau_n_overdue_now,0.998699259167319,0.506992332208208,0.5055303913080581
bureau_bb_share_dpd_max,bureau_bb_share_dpd_mean,0.9893692913909012,0.5533387807570234,0.5527626651767348
term_years,payment_rate,-0.9999999999827379,0.5331277546643645,0.5331277546643642
