,univariate_auc
ext_source_mean,0.7165243174302354
ext_source_min,0.6910115432286907
bureau_utilization,0.5916905302280129
bureau_share_active,0.583449707607489
bureau_days_credit_max,0.5815094163183874
employment_stability,0.5692556798945645
credit_goods_ratio,0.5678950940929921
prev_refusal_share,0.5606485408992345
prev_approval_rate,0.5591825055716759
prev_n_refused,0.5564229036413711
prev_req_vs_granted_mean,0.5550606108467253
bureau_bb_share_dpd_max,0.5533387807570234
prev_req_vs_granted_max,0.5501868617999811
bureau_debt_max,0.5463247157886372
bureau_max_overdue_amt,0.5462265644506976
prev_share_revolving,0.5348485451808295
term_years,0.5331277546643645
bureau_credit_sum,0.5327526210856294
bureau_n_active,0.529297167210821
ext_source_n_missing,0.5256579083948286
prev_cnt_payment_max,0.5251231364415273
prev_cnt_payment_mean,0.5238649108329403
prev_n_approved,0.5232591223580185
annuity_income_ratio,0.5205282413085427
prev_amt_application_max,0.5176571213240195
EXT_SOURCE_1_is_missing,0.5171540361033344
bureau_limit_sum,0.5167423966456319
EXT_SOURCE_3_is_missing,0.5161041287811932
bureau_credit_max,0.5146106159814041
bureau_n_card,0.5109381090943466
bureau_overdue_amt_max,0.5071845149206905
