threshold,profit,approval_rate
0.01,423563289.49920905,0.03723862638613378
0.015,1189244737.0329971,0.1208375337387402
0.02,1835221924.8059096,0.2024324412214237
0.025,2336384870.3360214,0.2707269682286755
0.03,2804089040.668391,0.3414929595785503
0.035,3029082282.2509804,0.38047136678482
0.04,3267737364.7181463,0.4253154368963611
0.045,3400888664.308276,0.4516275893466879
0.05,3703375142.8618126,0.5204993333550129
0.055,3808054024.8937387,0.5464334493187213
0.06,3823450934.8582163,0.5538193879873825
0.065,3920762632.70125,0.5949887808526552
0.07,3944916464.55035,0.6021755390068616
0.075,3990269037.9076204,0.6368614028812071
0.08,4013161626.4593935,0.6582712757308705
0.085,4020630694.6397347,0.6943514032063998
0.09,4015295921.597521,0.7100582094891223
0.095,4022378660.1923337,0.725130890052356
0.1,4015088748.5926704,0.7318542486423206
0.105,3999618753.4260125,0.7459920002601541
0.11,3959702777.433177,0.7667880719326201
0.115,3942936416.9654303,0.775942245780625
0.12,3880210504.13093,0.7932628207212774
0.125,3856064132.801381,0.8011731325810543
0.13,3840712311.514778,0.8046770836720757
0.135,3788209193.1532383,0.8170994439205229
0.14,3755263753.767662,0.8230138857272934
0.145,3680870442.378342,0.8344078241358005
0.15,3659508628.794072,0.8392044161165491
0.155,3584648957.4664683,0.8525495105850216
0.16,3509735428.490657,0.8630979480342102
0.165,3491152173.3536334,0.8666018991252317
0.17,3487128092.499069,0.8677238138597119
0.175,3413321842.8514185,0.8760812656498975
0.18,3282212296.6624446,0.8912189847484635
0.185,3240537684.7198772,0.8965684042795357
0.19,3187237270.9560432,0.9015275925986147
0.195,3177243897.830842,0.902852752756008
0.2,3144017571.4972596,0.9061209391564502
0.205,3066150257.0451307,0.9132548535006991
0.21,2973723127.248015,0.9220391206790023
0.215,2896913187.7899466,0.9287828038112582
0.22,2849912255.8181806,0.932681051022731
0.225,2826554265.5540667,0.9344411563851582
0.23,2811494695.570182,0.9353760853305584
0.235,2750244035.9671726,0.9400426002406426
0.24,2714972924.9899783,0.9424774804071412
0.245,2666549787.8344216,0.945721277356834
0.25,2660366055.1482906,0.9464123117947384
0.255,2547325411.1511483,0.9537576013788169
0.26,2542190705.040136,0.9540705993301031
0.265,2486041902.9846897,0.9582168059575298
0.27,2480109878.630107,0.9588021527755195
0.275,2476681563.1885424,0.9591029560014308
0.28,2476681563.1885424,0.9591029560014308
0.285,2473424111.222594,0.9594118890442587
0.29,2472128420.8482404,0.9594687977626744
0.295,2467420743.598026,0.959663913368671
0.3,2404580348.79347,0.962834541966115
0.305,2260186230.666112,0.9705903873044779
0.31,2243131205.301235,0.9714602777145459
0.315,2222458677.9610834,0.9724968293714026
0.32,2167036023.8071656,0.9758381841240935
0.325,2162716900.3015943,0.9761796364345875
0.33,2154989544.8294764,0.9765251536535398
0.335,2126747953.0999906,0.9777405612825599
0.34,2105506514.500959,0.9787771129394166
0.345,2085543258.6431682,0.9797283015186498
0.35,2082493274.8589163,0.9798908978569802
0.355,2082493274.8589163,0.9798908978569802
0.36,2082493274.8589163,0.9798908978569802
0.365,2081951620.7745578,0.9799356118500211
0.37,2078513865.928178,0.9800697538291437
0.375,2066307791.5975513,0.9804681148580534
0.38,2049495167.9504876,0.9809802933237943
0.385,2020515429.9795156,0.9820371695229423
0.39,1940075452.1013513,0.9852606419303437
0.395,1938681081.7249093,0.9854029137263829
0.4,1918299698.269905,0.9863500373971578
0.405,1892332568.7388582,0.9872443172579753
0.41,1873334694.1165862,0.9880654287665441
0.415,1869729947.6047194,0.9881751812949172
0.42,1865623631.0952096,0.9882889987317486
0.425,1847914500.3219428,0.988902799908946
0.43,1811673841.2061224,0.9902279600663393
0.435,1748754113.274096,0.9926506455074632
0.44,1748754113.274096,0.9926506455074632
0.445,1748240198.365122,0.9926831647751293
0.45,1748240198.365122,0.9926831647751293
0.455,1743420294.5101213,0.9928132418457937
0.46,1743420294.5101213,0.9928132418457937
0.465,1743420294.5101213,0.9928132418457937
0.47,1739448418.6236897,0.9929473838249162
0.475,1717983697.7740881,0.9935489902767389
0.48,1716403103.0348506,0.9936018340866963
0.485,1680488012.8597136,0.9947400084550095
0.49,1680531344.3100014,0.9947440733634678
0.495,1680531344.3100014,0.9947440733634678
0.5,1670715442.1917953,0.9950733309485871
