feature,dominant_share
FLAG_MOBIL,0.9999959350915417
FLAG_CONT_MOBILE,0.9981220122922831
FLAG_DOCUMENT_2,0.9999552860069592
FLAG_DOCUMENT_4,0.9999105720139182
FLAG_DOCUMENT_7,0.99981301421092
FLAG_DOCUMENT_9,0.9961505316900263
FLAG_DOCUMENT_10,0.999983740366167
FLAG_DOCUMENT_11,0.9961342720561933
FLAG_DOCUMENT_12,0.9999959350915417
FLAG_DOCUMENT_13,0.9966179961627264
FLAG_DOCUMENT_14,0.9970488764593022
FLAG_DOCUMENT_15,0.9988008520048128
FLAG_DOCUMENT_17,0.9997520405840461
FLAG_DOCUMENT_19,0.9993902637312607
FLAG_DOCUMENT_20,0.9994959513511755
FLAG_DOCUMENT_21,0.9996788722317973
EXT_SOURCE_2_is_missing,0.9978415336086631
annuity_missing,0.9999593509154174
goods_price_missing,0.9991016552307243
