feature,real_gain,null_gain_p95,null_gain_max,gain_ratio,kept
ext_source_mean,39242.25185251236,1245.9381606340407,1257.514757156372,31.49614731484147,True
ORGANIZATION_TYPE,11852.32822306951,5287.389841508865,5887.652499675751,2.241621779052933,True
ext_source_min,8488.730773289999,1240.5497468709946,1331.671112537384,6.8427169444038,True
term_years,6197.51202249527,1282.4945271253587,1412.0549216270447,4.832388670216515,True
EXT_SOURCE_3,4602.551434993744,1690.511350083351,1804.4199504852295,2.722579434185292,True
credit_goods_ratio,3926.6135816574097,1022.0754464626312,1042.1890864372253,3.841804042203819,True
bureau_utilization,3150.246746699015,1197.253648686409,1309.0927152633667,2.6312275182083362,True
DAYS_BIRTH,2857.0033222834268,1321.6883494138717,1363.2177963256836,2.1616316157666216,True
OCCUPATION_TYPE,2814.2892804145813,1370.5500109672546,1413.1690011024475,2.053401377472114,True
EXT_SOURCE_1,2688.3118693033853,1368.2934903621674,1444.217022895813,1.964718745093078,True
bureau_days_credit_max,2572.836498737335,1653.9427251815794,1760.5787601470947,1.5555777473823191,True
AMT_ANNUITY,2560.3263964653015,1255.2646960258483,1341.0779266357422,2.0396705209437194,True
DAYS_EMPLOYED,2390.6620383262634,1343.8541940927505,1479.7292013168335,1.7789593907099597,True
prev_refusal_share,2215.0583969751992,595.7690339326857,680.3538503646851,3.717981752682823,True
AMT_GOODS_PRICE,2044.5466623306274,1062.6243951082226,1201.2025780677795,1.9240539477003078,True
prev_amt_application_max,2013.7455972035725,1328.0517529726028,1385.3937859535217,1.5163156049424795,True
prev_cnt_payment_mean,2000.296063899994,1271.1103643655777,1326.6582999229431,1.5736604153159897,True
EXT_SOURCE_2,1990.189863204956,1517.379099869728,1587.109688282013,1.3115969920607318,True
prev_req_vs_granted_mean,1961.447108109792,1554.6166301012038,1600.3941550254822,1.2616918345856778,True
bureau_credit_max,1907.7591160138447,1394.6121450901032,1468.8964977264404,1.36794959281714,True
employment_stability,1766.915488878886,1317.8658613204955,1520.2456426620483,1.3407400106020235,True
bureau_max_overdue_amt,1750.6647769610088,977.7277749538422,1117.7730164527893,1.7905441798906208,True
prev_req_vs_granted_max,1662.3357214927673,1328.8193741559983,1401.556291103363,1.2509869692023436,True
prev_days_decision_min,1616.8908599217732,1727.3654176473615,1874.563789844513,0.9360444775628005,False
prev_amt_application_mean,1563.2109629313152,1567.5727898359298,1767.6795291900635,0.9972174645203741,False
DAYS_ID_PUBLISH,1546.0707677205403,1522.8502382040024,1552.2908101081848,1.015248071631734,True
prev_days_decision_max,1530.806317806244,1677.5555809259413,1862.8040800094604,0.9125219666112655,False
OWN_CAR_AGE,1476.940408070882,821.4867413282394,848.4720306396484,1.797887091498102,True
bureau_days_credit_mean,1430.119154771169,1430.1714039087296,1448.6527934074402,0.9999634665205738,False
annuity_income_ratio,1358.096318880717,1332.2663745880125,1472.3677592277527,1.0193879728449142,True
DAYS_REGISTRATION,1350.1633191108704,1539.1306827068329,1586.7998895645142,0.8772246140505561,False
prev_cnt_payment_max,1314.5729503631592,460.8684651613235,470.893208026886,2.8523820780469387,True
credit_income_ratio,1205.3353956540425,1238.0298213601113,1322.8166890144348,0.9735915685212247,False
NAME_EDUCATION_TYPE,1196.704105059306,63.88069515228269,73.94866991043091,18.733423332456383,True
prev_approval_rate,1191.9086208343506,773.2785041570663,961.3930287361145,1.5413704304810898,True
DAYS_LAST_PHONE_CHANGE,1170.2126852671306,1386.1053520202634,1430.6230053901672,0.8442451243417631,False
bureau_debt_max,1153.8150122960408,1110.81784222126,1264.1133570671082,1.0387076696470783,True
prev_down_payment_rate_mean,1016.2097419102987,1545.9213614702226,1610.3091416358948,0.6573489229386478,False
bureau_credit_sum,1005.4301066398621,894.1973358631134,929.9486398696899,1.124393985886105,True
bureau_days_credit_min,949.3464738527933,1480.8152329444883,1581.004858493805,0.6410971826411389,False
prev_share_revolving,925.7553793589274,544.7003395557402,587.2348966598511,1.699568206830892,True
bureau_share_active,898.6997404098511,873.2472396850586,915.3612513542175,1.0291469581214732,True
bureau_n_active,836.8658046722412,240.2802168369293,268.12147188186646,3.482874352657156,True
REGION_POPULATION_RELATIVE,763.8385965029398,1107.4570188999176,1205.6690077781677,0.6897230172071978,False
bureau_bb_share_dpd_max,682.1230394045512,463.47044863700864,522.5423021316528,1.4717724536927097,True
AMT_INCOME_TOTAL,656.6113316218058,821.5652871131897,839.3262891769409,0.7992199061002224,False
income_per_person,646.9326763153076,1076.558274245262,1148.2971005439758,0.6009267605776843,False
bureau_debt_sum,597.4661671320597,639.7565378665923,662.6149406433105,0.9338961491889413,False
YEARS_BEGINEXPLUATATION_MEDI,587.1169729232788,918.6805631637573,936.2091994285583,0.6390871827105628,False
prev_n_approved,577.2502593994141,331.37987699508665,374.6120409965515,1.7419593025196667,True
bureau_limit_sum,558.73455286026,420.03327209949487,593.1586880683899,1.33021498527362,True
bureau_share_card,525.1908521652222,838.5179783582687,905.6911420822144,0.6263322501367131,False
LIVINGAREA_AVG,477.5075058937073,707.7847603559493,757.254508972168,0.6746507308995546,False
OBS_30_CNT_SOCIAL_CIRCLE,456.2135548591614,511.2518790960312,628.4859495162964,0.8923459717464791,False
REGION_RATING_CLIENT_W_CITY,453.9341923395793,93.87056164741516,110.15988874435425,4.835745992919378,True
APARTMENTS_AVG,450.49762439727783,600.0786229848861,682.5698885917664,0.7507309994754209,False
NAME_FAMILY_STATUS,428.3709060351054,143.76629142761226,163.81550073623657,2.9796338333648564,True
DEF_30_CNT_SOCIAL_CIRCLE,423.02871529261273,132.47261433601378,150.60318326950073,3.193329560324144,True
TOTALAREA_MODE,415.1923411687215,736.9249722003937,759.4232888221741,0.5634119575687514,False
LANDAREA_AVG,401.37171570460004,806.7307037115097,868.3304433822632,0.49752874640573025,False
FLAG_DOCUMENT_3,387.56045866012573,90.41918065547942,104.385009765625,4.28626377556806,True
bureau_bb_months_sum,385.99226427078247,575.1124182939529,607.204870223999,0.67115967590443,False
LANDAREA_MODE,368.1395257314046,769.5778993606567,794.7399115562439,0.4783655118438879,False
bureau_overdue_amt_max,366.3770561218262,94.96295907497404,127.89677047729492,3.8581048831109874,True
FLAG_WORK_PHONE,357.90958642959595,94.99705371856686,124.5365400314331,3.767586176829437,True
HOUR_APPR_PROCESS_START,344.5762348175049,701.6260302066803,736.5591888427734,0.4911109622258483,False
bureau_n_loans,341.45561122894287,436.19301261901853,492.92322874069214,0.7828085305143996,False
BASEMENTAREA_AVG,339.49198627471924,695.566343998909,764.3739995956421,0.488079949818923,False
APARTMENTS_MODE,332.3210886319478,582.6544699668884,630.5443296432495,0.570357056817625,False
LIVINGAREA_MODE,330.75227880477905,669.5800791978836,787.7658176422119,0.493969711884201,False
NONLIVINGAREA_AVG,330.0376494725545,656.9425280690192,710.6948485374451,0.5023843568822512,False
WEEKDAY_APPR_PROCESS_START,327.9403371810913,490.143488740921,534.6709332466125,0.6690700676724348,False
YEARS_BUILD_MEDI,326.38927523295087,661.3593956708908,683.3006000518799,0.49351272147855063,False
REG_CITY_NOT_LIVE_CITY,318.1614621480306,68.12498912811277,96.0831298828125,4.670260740147944,True
BASEMENTAREA_MODE,317.2385546366374,745.8612867832184,865.2965407371521,0.42533184153428455,False
DEF_60_CNT_SOCIAL_CIRCLE,309.55682770411175,91.94717550277706,108.72994041442871,3.366681205936144,True
NAME_CONTRACT_TYPE,284.7030194600423,54.20815563201904,63.378140449523926,5.252032948560184,True
COMMONAREA_AVG,280.8834064801534,653.5950494050978,705.2449116706848,0.42975142901681007,False
bureau_annuity_sum,280.4158522288005,433.5450120449065,491.0230588912964,0.6467975514379924,False
AMT_REQ_CREDIT_BUREAU_QRT,273.9879403114319,186.2811309099197,228.42935991287231,1.4708303464397836,True
LIVINGAPARTMENTS_MODE,271.6735849380493,475.918190407753,540.4411687850952,0.5708409352987479,False
ext_source_n_missing,264.36071252822876,100.44088132381438,134.578519821167,2.6320031151055745,True
AMT_REQ_CREDIT_BUREAU_YEAR,263.21380949020386,442.2549504995346,458.0525608062744,0.5951630596625302,False
prev_n_applications,252.17981306711832,407.81901042461396,437.1471004486084,0.6183620837207985,False
LIVINGAPARTMENTS_AVG,247.88946930567423,502.9847707748413,538.8816184997559,0.492836928091886,False
COMMONAREA_MODE,238.0613169670105,604.7525654315948,656.5303778648376,0.393650776490899,False
bureau_n_card,211.21496454874674,203.55800006389617,240.9492907524109,1.037615640173548,True
FLOORSMAX_AVG,205.4819294611613,294.3800427436828,305.6110305786133,0.6980158286072223,False
ENTRANCES_AVG,196.05068969726562,429.7109693288802,459.86291885375977,0.45623850376325353,False
NONLIVINGAREA_MODE,195.9377759297689,597.5799137353897,625.3742084503174,0.32788547845423527,False
prev_n_refused,185.8945681254069,178.34380435943604,220.5450177192688,1.042338245464098,True
EXT_SOURCE_1_is_missing,174.5511655807495,52.82144489288329,60.49129867553711,3.3045511332513176,True
FLOORSMIN_AVG,164.80280907948813,360.67214875221254,431.0898013114929,0.4569324513956587,False
WALLSMATERIAL_MODE,143.41572380065918,131.313658452034,149.10940980911255,1.092161512300305,True
NONLIVINGAPARTMENTS_AVG,135.52757008870444,297.6005352258682,340.1514377593994,0.4554009621852455,False
CNT_FAM_MEMBERS,133.65877978006998,190.5165817737579,241.14436101913452,0.7015598250591769,False
NAME_INCOME_TYPE,122.17693042755127,63.74633748531341,83.2937707901001,1.9166109810732224,True
NAME_HOUSING_TYPE,118.9301069577535,109.81554670333863,117.06342887878418,1.08299881508615,True
ENTRANCES_MODE,115.56340010960896,265.8087185382843,350.84181928634644,0.43476151100350163,False
ELEVATORS_AVG,105.7544339497884,242.15706498622893,324.02964878082275,0.43671835036406015,False
NONLIVINGAPARTMENTS_MODE,90.298180103302,169.42246432304378,201.1056308746338,0.5329764294487376,False
CNT_CHILDREN,60.83933687210083,136.99627726078032,181.258291721344,0.4440948184036391,False
NAME_TYPE_SUITE,59.40101623535156,127.50819919109344,148.7066192626953,0.46586036515446905,False
ELEVATORS_MODE,53.01330089569092,169.93554368019105,199.6152925491333,0.31196122804925913,False
REGION_RATING_CLIENT,51.805792808532715,94.35405738353727,142.613600730896,0.5490573934510176,False
bureau_bb_max_dpd,51.02613385518392,134.43580932617186,180.05753993988037,0.37955760530576277,False
FLAG_DOCUMENT_18,49.82554705937704,26.430126595497132,30.645480155944824,1.8851800379898958,True
FLAG_OWN_CAR,48.51583290100098,69.56732871532438,91.30072975158691,0.6973939318488428,False
FLAG_OWN_REALTY,43.131466229756676,135.9647365808487,139.89686012268066,0.3172253873643878,False
FLAG_DOCUMENT_16,38.89637613296509,28.617355060577392,55.67708969116211,1.3591883684089254,True
REG_CITY_NOT_WORK_CITY,38.493354161580406,89.56964371204374,105.11357927322388,0.42975892910026725,False
AMT_REQ_CREDIT_BUREAU_DAY,38.43196646372477,34.27923195362091,66.81929922103882,1.1211443277294668,True
bureau_n_prolonged,36.93406709035238,43.7839008808136,53.21826982498169,0.8435535972660932,False
FLAG_PHONE,33.91474962234497,142.5767170190811,215.47599983215332,0.23787018197232127,False
AMT_REQ_CREDIT_BUREAU_MON,33.56966622670492,178.28303787708282,197.87903928756714,0.1882942237603642,False
LIVE_CITY_NOT_WORK_CITY,30.28762722015381,70.69182825088495,91.82484102249146,0.4284459458689223,False
FLAG_DOCUMENT_8,28.058190027872723,73.47076094150539,91.12428188323975,0.3818960041833728,False
EXT_SOURCE_3_is_missing,26.438533147176106,19.13718061447143,32.22251033782959,1.3815270744314048,True
AMT_REQ_CREDIT_BUREAU_WEEK,23.78687047958374,65.27678976058957,119.2503113746643,0.3644001270103039,False
FLAG_EMAIL,14.727936744689941,56.264661073684685,71.87599039077759,0.2617617606440765,False
bureau_days_overdue_mean,13.935796737670898,94.77885816097255,113.29882955551147,0.1470348662990044,False
FLAG_DOCUMENT_5,13.841423670450846,34.28003420829773,49.907750606536865,0.40377508337201223,False
FONDKAPREMONT_MODE,11.702943483988443,59.46898045539854,78.03361988067627,0.1967907200421167,False
REG_REGION_NOT_WORK_REGION,9.964446703592936,37.24596095085144,49.388240814208984,0.2675309335350938,False
AMT_REQ_CREDIT_BUREAU_HOUR,9.570266405741373,18.974465227127073,57.39447021484375,0.5043760807582143,False
EMERGENCYSTATE_MODE,7.761033217112224,32.31536436080932,38.83820056915283,0.2401654250423514,False
HOUSETYPE_MODE,5.070066769917806,48.909508204460124,69.61058044433594,0.10366219076918584,False
FLAG_DOCUMENT_6,3.0676234563191733,34.88563995361328,73.62736940383911,0.0879337016720384,False
LIVE_REGION_NOT_WORK_REGION,0.0,56.416091513633724,61.641770362854004,0.0,False
REG_REGION_NOT_LIVE_REGION,0.0,31.203605937957757,70.46789979934692,0.0,False
is_pensioner,0.0,0.0,15.115900039672852,,False
has_bureau_history,0.0,0.0,0.0,,False
has_prev_history,0.0,0.0,0.0,,False
