scale,approval_rate,profit_per_10k
0.2,0.14613345907450165,76753891.42631392
0.25,0.1979976260934604,96612432.54709755
0.3,0.24555705505512015,112202348.45938018
0.35,0.2956529868947351,123860020.51687618
0.4,0.3354931546941563,133447516.96298338
0.44999999999999996,0.3732886735390719,142834622.15289542
0.5,0.4075395922083835,149704658.55409303
0.55,0.43568501837338625,154394876.60438928
0.6,0.464001170693636,158764798.72541842
0.6499999999999999,0.4880085200481285,161517794.42127472
0.7,0.5120361939449124,164447878.25362054
0.75,0.5349175636564665,166387854.28747734
0.8,0.5586119150596729,168726774.87838995
0.8499999999999999,0.5759365549087835,169513262.9311514
0.8999999999999999,0.5923831745309096,170063123.86869916
0.95,0.6078379564892199,171058615.73462418
1.0,0.6224838216643361,171634000.62775713
1.05,0.6378573054534812,171931003.0275287
1.0999999999999999,0.6508731423368346,171236942.88886973
1.15,0.6641166140938506,170224879.93045655
1.2,0.6760877695034307,169582027.29451567
1.2499999999999998,0.6888028031608728,168249166.27343777
1.2999999999999998,0.698505739650743,167644551.82082587
1.3499999999999999,0.7094891223049657,166741826.92898393
1.4,0.7186473610614289,166254214.1121338
1.45,0.7279763259731391,165380575.4942605
1.4999999999999998,0.7382280251048746,164302378.57919365
1.5499999999999998,0.7448660206172157,163531294.32986897
1.5999999999999999,0.7531421742382362,162148940.9364671
1.65,0.7610687457318461,160534530.96533346
1.6999999999999997,0.7675238203635654,159312866.37651303
1.7499999999999998,0.7753650287795519,157302352.96296623
1.7999999999999998,0.7820355435595591,155959072.6429476
1.8499999999999999,0.7883605411206139,154468081.60523888
1.9,0.794531072160255,152677950.22384614
1.9499999999999997,0.7997991935221619,151208842.40735397
1.9999999999999998,0.8058762316672629,149869714.57290024
2.05,0.8111240284868785,148768377.87492
2.1,0.815453155994927,147752295.06665805
2.15,0.8207781860752495,146462209.3370052
2.1999999999999997,0.8259162303664922,145196183.6682407
2.25,0.8306437189034503,143776946.83028197
2.3,0.8349850411368736,142599419.38204855
2.35,0.8397694383922474,141207809.4824008
2.4,0.8445375760137882,139739196.7135996
2.45,0.848606549380508,138672060.84646016
2.5,0.852415368605899,137474356.09894487
2.55,0.85631768072583,136393017.6842462
2.6,0.8604801469870899,135054054.1833417
2.65,0.8651791811648402,133413761.3217943
2.7,0.8683254203115346,132715165.33156261
2.75,0.8721017202692596,131021196.88676058
2.8,0.8755812819095314,129764560.90134114
2.85,0.8787031316054762,128763017.69928396
2.9,0.8823493544925368,127682133.70632166
2.9499999999999997,0.8853167376670678,126756736.57698286
3.0,0.8877312932912751,126015717.89453544
