bin,mean_pred,obs_rate,n
0,0.009131097515446518,0.00979634974188041,24601
1,0.016371869128762886,0.016422096662737286,24601
2,0.023597420128790427,0.023901467420023578,24601
3,0.03126829936344655,0.03146341463414634,24600
4,0.04328522093982569,0.04361611316613146,24601
5,0.05661459434057604,0.05581073940083736,24601
6,0.07829603737645899,0.07967479674796749,24600
7,0.10521922939768247,0.10414210804438843,24601
8,0.1555581390085356,0.15600991829600422,24601
9,0.2880958064136866,0.28645177025324176,24601
