,0
ext_source_mean,0.3919799746618158
term_years,0.11314205525875272
ORGANIZATION_TYPE,0.10538551999684802
credit_goods_ratio,0.10186250980908519
ext_source_min,0.1008614797344811
EXT_SOURCE_3,0.09811431207768123
bureau_utilization,0.09673944677599547
EXT_SOURCE_1,0.08645578091428004
AMT_ANNUITY,0.08287821629370265
prev_cnt_payment_max,0.08260947414123851
prev_amt_application_max,0.0817064656947947
EXT_SOURCE_2,0.08120302260061495
OCCUPATION_TYPE,0.07754012020889078
NAME_EDUCATION_TYPE,0.07184107599867029
DAYS_BIRTH,0.06874125602079806
OWN_CAR_AGE,0.06791625398279114
bureau_max_overdue_amt,0.06583487566128274
prev_cnt_payment_mean,0.06273754554380895
prev_req_vs_granted_mean,0.06145658518076977
DAYS_EMPLOYED,0.05641674545122678
NAME_FAMILY_STATUS,0.05371108697497362
prev_share_revolving,0.05282749968974024
DAYS_ID_PUBLISH,0.0527392863770317
annuity_income_ratio,0.051923002699091066
prev_refusal_share,0.04421397049936776
bureau_days_credit_max,0.04398536621937717
AMT_GOODS_PRICE,0.043078260263102665
bureau_credit_max,0.03825389950628316
bureau_bb_share_dpd_max,0.03481829288061946
prev_req_vs_granted_max,0.03378619879341294
