,feature,auc_strength,direction,coverage,leakage_flag
0,EXT_SOURCE_3,0.6797,risk_down,0.802,False
1,EXT_SOURCE_1,0.6659,risk_down,0.437,False
2,EXT_SOURCE_2,0.6553,risk_down,0.998,False
3,DAYS_BIRTH,0.5843,risk_up,1.0,False
4,DAYS_EMPLOYED,0.5823,risk_up,0.821,False
5,OWN_CAR_AGE,0.56,risk_up,0.34,False
6,DAYS_LAST_PHONE_CHANGE,0.5549,risk_up,1.0,False
7,DAYS_ID_PUBLISH,0.5537,risk_up,1.0,False
8,FLOORSMAX_AVG,0.5502,risk_down,0.503,False
9,FLOORSMAX_MEDI,0.5499,risk_down,0.503,False
10,REGION_RATING_CLIENT_W_CITY,0.5495,risk_up,1.0,False
11,FLOORSMAX_MODE,0.5486,risk_down,0.503,False
12,REGION_RATING_CLIENT,0.5481,risk_up,1.0,False
13,LIVINGAREA_AVG,0.5465,risk_down,0.498,False
14,LIVINGAREA_MEDI,0.546,risk_down,0.498,False
15,TOTALAREA_MODE,0.5441,risk_down,0.517,False
16,LIVINGAREA_MODE,0.5436,risk_down,0.498,False
17,DAYS_REGISTRATION,0.5428,risk_up,1.0,False
18,REG_CITY_NOT_WORK_CITY,0.54,risk_up,1.0,False
19,ELEVATORS_AVG,0.5398,risk_down,0.467,False
20,APARTMENTS_AVG,0.5395,risk_down,0.493,False
21,APARTMENTS_MEDI,0.5391,risk_down,0.493,False
22,ELEVATORS_MEDI,0.539,risk_down,0.467,False
23,APARTMENTS_MODE,0.5372,risk_down,0.493,False
24,FLAG_DOCUMENT_3,0.5369,risk_up,1.0,False
25,ELEVATORS_MODE,0.5367,risk_down,0.467,False
26,FLOORSMIN_AVG,0.5356,risk_down,0.321,False
27,FLOORSMIN_MEDI,0.5354,risk_down,0.321,False
28,LIVINGAPARTMENTS_AVG,0.5346,risk_down,0.317,False
29,LIVINGAPARTMENTS_MEDI,0.5342,risk_down,0.317,False
30,FLOORSMIN_MODE,0.534,risk_down,0.321,False
31,AMT_GOODS_PRICE,0.5337,risk_down,0.999,False
32,FLAG_EMP_PHONE,0.5327,risk_up,1.0,False
33,LIVINGAPARTMENTS_MODE,0.5325,risk_down,0.317,False
34,REGION_POPULATION_RELATIVE,0.5324,risk_down,1.0,False
35,YEARS_BEGINEXPLUATATION_MEDI,0.5298,risk_down,0.512,False
36,YEARS_BEGINEXPLUATATION_AVG,0.5297,risk_down,0.512,False
37,YEARS_BEGINEXPLUATATION_MODE,0.5294,risk_down,0.512,False
38,ENTRANCES_AVG,0.5269,risk_down,0.497,False
39,ENTRANCES_MEDI,0.5264,risk_down,0.497,False
40,HOUR_APPR_PROCESS_START,0.5259,risk_down,1.0,False
41,YEARS_BUILD_MEDI,0.5258,risk_down,0.335,False
42,YEARS_BUILD_AVG,0.5257,risk_down,0.335,False
43,YEARS_BUILD_MODE,0.5254,risk_down,0.335,False
44,BASEMENTAREA_AVG,0.5251,risk_down,0.415,False
45,BASEMENTAREA_MEDI,0.5242,risk_down,0.415,False
46,ENTRANCES_MODE,0.5239,risk_down,0.497,False
47,LIVE_CITY_NOT_WORK_CITY,0.5235,risk_up,1.0,False
48,REG_CITY_NOT_LIVE_CITY,0.5225,risk_up,1.0,False
49,FLAG_WORK_PHONE,0.5208,risk_up,1.0,False
50,BASEMENTAREA_MODE,0.5205,risk_down,0.415,False
51,AMT_INCOME_TOTAL,0.5205,risk_down,1.0,False
52,COMMONAREA_AVG,0.5203,risk_down,0.302,False
53,COMMONAREA_MEDI,0.5198,risk_down,0.302,False
54,AMT_REQ_CREDIT_BUREAU_YEAR,0.5198,risk_up,0.865,False
55,FLAG_PHONE,0.5197,risk_down,1.0,False
56,AMT_CREDIT,0.5193,risk_down,1.0,False
57,DEF_30_CNT_SOCIAL_CIRCLE,0.5187,risk_up,0.997,False
58,CNT_CHILDREN,0.5183,risk_up,1.0,False
59,COMMONAREA_MODE,0.5172,risk_down,0.302,False
60,DEF_60_CNT_SOCIAL_CIRCLE,0.516,risk_up,0.997,False
61,NONLIVINGAREA_AVG,0.5146,risk_down,0.449,False
62,FLAG_DOCUMENT_6,0.5145,risk_down,1.0,False
63,LANDAREA_AVG,0.5144,risk_down,0.407,False
64,LANDAREA_MEDI,0.5142,risk_down,0.407,False
65,NONLIVINGAREA_MEDI,0.5134,risk_down,0.449,False
66,NONLIVINGAREA_MODE,0.5129,risk_down,0.449,False
67,LANDAREA_MODE,0.5123,risk_down,0.407,False
68,OBS_30_CNT_SOCIAL_CIRCLE,0.5105,risk_up,0.997,False
69,OBS_60_CNT_SOCIAL_CIRCLE,0.5102,risk_up,0.997,False
70,CNT_FAM_MEMBERS,0.5072,risk_up,1.0,False
71,AMT_REQ_CREDIT_BUREAU_QRT,0.5069,risk_down,0.865,False
72,AMT_REQ_CREDIT_BUREAU_MON,0.5044,risk_down,0.865,False
73,FLAG_DOCUMENT_8,0.5043,risk_down,1.0,False
74,NONLIVINGAPARTMENTS_AVG,0.5033,risk_down,0.306,False
75,REG_REGION_NOT_WORK_REGION,0.5027,risk_up,1.0,False
76,FLAG_DOCUMENT_16,0.5021,risk_down,1.0,False
77,NONLIVINGAPARTMENTS_MEDI,0.5017,risk_down,0.306,False
78,FLAG_DOCUMENT_13,0.5012,risk_down,1.0,False
79,FLAG_DOCUMENT_18,0.5012,risk_down,1.0,False
80,REG_REGION_NOT_LIVE_REGION,0.5011,risk_up,1.0,False
81,LIVE_REGION_NOT_WORK_REGION,0.501,risk_up,1.0,False
82,FLAG_DOCUMENT_14,0.5009,risk_down,1.0,False
83,AMT_REQ_CREDIT_BUREAU_DAY,0.5008,risk_up,0.865,False
84,FLAG_DOCUMENT_9,0.5005,risk_down,1.0,False
85,FLAG_DOCUMENT_11,0.5005,risk_down,1.0,False
86,FLAG_DOCUMENT_15,0.5004,risk_down,1.0,False
87,AMT_REQ_CREDIT_BUREAU_WEEK,0.5003,risk_up,0.865,False
88,NONLIVINGAPARTMENTS_MODE,0.5003,risk_down,0.306,False
89,FLAG_EMAIL,0.5002,risk_down,1.0,False
90,AMT_REQ_CREDIT_BUREAU_HOUR,0.5002,risk_up,0.865,False
91,FLAG_DOCUMENT_21,0.5002,risk_up,1.0,False
92,AMT_ANNUITY,0.5001,risk_down,1.0,False
93,FLAG_CONT_MOBILE,0.5001,risk_down,1.0,False
94,FLAG_DOCUMENT_17,0.5001,risk_down,1.0,False
95,FLAG_DOCUMENT_5,0.5001,risk_down,1.0,False
96,FLAG_DOCUMENT_2,0.5001,risk_up,1.0,False
97,FLAG_DOCUMENT_19,0.5001,risk_down,1.0,False
98,FLAG_DOCUMENT_20,0.5001,risk_up,1.0,False
99,FLAG_DOCUMENT_4,0.5,risk_down,1.0,False
100,FLAG_DOCUMENT_7,0.5,risk_down,1.0,False
101,FLAG_DOCUMENT_10,0.5,risk_down,1.0,False
102,FLAG_MOBIL,0.5,risk_up,1.0,False
103,FLAG_DOCUMENT_12,0.5,risk_down,1.0,False
