feature,iv,type,n_bins
ext_source_mean,0.5720946846754615,numeric,6
ext_source_min,0.43104217931666255,numeric,6
EXT_SOURCE_3,0.3092811175346711,numeric,6
EXT_SOURCE_2,0.2782960755832514,numeric,6
EXT_SOURCE_1,0.14228623086033607,numeric,6
DAYS_EMPLOYED,0.10745145803953075,numeric,6
bureau_utilization,0.0973459054486709,numeric,6
bureau_share_active,0.08734138960788669,numeric,6
employment_stability,0.08564146511329165,numeric,6
DAYS_BIRTH,0.08456276609503838,numeric,5
bureau_days_credit_max,0.07759077176407517,numeric,6
OCCUPATION_TYPE,0.07540826598637448,categorical,13
credit_goods_ratio,0.0670944472932055,numeric,6
prev_refusal_share,0.059893372666439106,numeric,3
ORGANIZATION_TYPE,0.0596000182847588,categorical,18
NAME_INCOME_TYPE,0.05589753234398936,categorical,5
prev_approval_rate,0.05299222883154857,numeric,4
NAME_EDUCATION_TYPE,0.04916849239424843,categorical,5
term_years,0.04403481728607754,numeric,6
AMT_GOODS_PRICE,0.04382468936581246,numeric,6
prev_req_vs_granted_mean,0.043504378934592275,numeric,6
bureau_debt_max,0.04301374299203924,numeric,6
prev_n_refused,0.04225795336423353,numeric,2
prev_req_vs_granted_max,0.035124802066033925,numeric,6
DAYS_ID_PUBLISH,0.034219757494618176,numeric,5
REGION_RATING_CLIENT_W_CITY,0.030381411601501453,numeric,2
WALLSMATERIAL_MODE,0.02618872854621874,categorical,6
NAME_FAMILY_STATUS,0.02334213450906123,categorical,6
OWN_CAR_AGE,0.021812808000300606,numeric,6
bureau_n_active,0.02161136848759966,numeric,4
prev_cnt_payment_max,0.02014960376763324,numeric,5
AMT_ANNUITY,0.01843364408010686,numeric,6
bureau_credit_max,0.018221004179547223,numeric,6
prev_cnt_payment_mean,0.01815034276730041,numeric,6
prev_share_revolving,0.01734898564257016,numeric,3
bureau_credit_sum,0.016711094521473867,numeric,5
bureau_bb_share_dpd_max,0.01569198210760178,numeric,3
NAME_HOUSING_TYPE,0.015686980078767575,categorical,5
NAME_CONTRACT_TYPE,0.014850374692875895,categorical,2
AMT_REQ_CREDIT_BUREAU_QRT,0.013253924362140242,numeric,2
AMT_REQ_CREDIT_BUREAU_DAY,0.013253924362140242,numeric,2
prev_amt_application_max,0.011813516192554416,numeric,6
bureau_overdue_amt_max,0.011697953164955567,numeric,2
bureau_limit_sum,0.011310203797358047,numeric,2
bureau_max_overdue_amt,0.010900522495798301,numeric,3
prev_n_approved,0.01005607653225165,numeric,5
ext_source_n_missing,0.007903269403979705,numeric,2
annuity_income_ratio,0.0055792248120892585,numeric,6
bureau_n_card,0.00500365643059579,numeric,3
DEF_30_CNT_SOCIAL_CIRCLE,0.0013520436552265259,numeric,2
DEF_60_CNT_SOCIAL_CIRCLE,0.0013520436552265259,numeric,2
FLAG_DOCUMENT_3,0.0,numeric,1
REG_CITY_NOT_LIVE_CITY,0.0,numeric,1
FLAG_WORK_PHONE,0.0,numeric,1
EXT_SOURCE_1_is_missing,0.0,numeric,1
FLAG_DOCUMENT_18,0.0,numeric,1
FLAG_DOCUMENT_16,0.0,numeric,1
EXT_SOURCE_3_is_missing,0.0,numeric,1
