feature,dtype,source,missing_share
NAME_CONTRACT_TYPE,category,application_train raw,0.0
FLAG_OWN_CAR,category,application_train raw,0.0
FLAG_OWN_REALTY,category,application_train raw,0.0
CNT_CHILDREN,int64,application_train raw,0.0
AMT_INCOME_TOTAL,float64,application_train raw,0.0
AMT_CREDIT,float64,application_train raw,0.0
AMT_ANNUITY,float64,application_train raw,3.9022994299390916e-05
AMT_GOODS_PRICE,float64,application_train raw,0.0009040327012692228
NAME_TYPE_SUITE,category,application_train raw,0.004201475719567756
NAME_INCOME_TYPE,category,application_train raw,0.0
NAME_EDUCATION_TYPE,category,application_train raw,0.0
NAME_FAMILY_STATUS,category,application_train raw,0.0
NAME_HOUSING_TYPE,category,application_train raw,0.0
REGION_POPULATION_RELATIVE,float64,application_train raw,0.0
DAYS_BIRTH,int64,application_train raw,0.0
DAYS_EMPLOYED,float64,application_train raw,0.18007160719453938
DAYS_REGISTRATION,float64,application_train raw,0.0
DAYS_ID_PUBLISH,int64,application_train raw,0.0
OWN_CAR_AGE,float64,application_train raw,0.6599081008484249
FLAG_MOBIL,int64,application_train raw,0.0
FLAG_EMP_PHONE,int64,application_train raw,0.0
FLAG_WORK_PHONE,int64,application_train raw,0.0
FLAG_CONT_MOBILE,int64,application_train raw,0.0
FLAG_PHONE,int64,application_train raw,0.0
FLAG_EMAIL,int64,application_train raw,0.0
OCCUPATION_TYPE,category,application_train raw,0.31345545362604915
CNT_FAM_MEMBERS,float64,application_train raw,6.503832383231819e-06
REGION_RATING_CLIENT,int64,application_train raw,0.0
REGION_RATING_CLIENT_W_CITY,int64,application_train raw,0.0
WEEKDAY_APPR_PROCESS_START,category,application_train raw,0.0
HOUR_APPR_PROCESS_START,int64,application_train raw,0.0
REG_REGION_NOT_LIVE_REGION,int64,application_train raw,0.0
REG_REGION_NOT_WORK_REGION,int64,application_train raw,0.0
LIVE_REGION_NOT_WORK_REGION,int64,application_train raw,0.0
REG_CITY_NOT_LIVE_CITY,int64,application_train raw,0.0
REG_CITY_NOT_WORK_CITY,int64,application_train raw,0.0
LIVE_CITY_NOT_WORK_CITY,int64,application_train raw,0.0
ORGANIZATION_TYPE,category,application_train raw,0.0
EXT_SOURCE_1,float64,application_train raw,0.5638107254699832
EXT_SOURCE_2,float64,application_train raw,0.0021462646864665006
EXT_SOURCE_3,float64,application_train raw,0.19825307062186392
APARTMENTS_AVG,float64,application_train raw,0.5074972927797705
BASEMENTAREA_AVG,float64,application_train raw,0.5851595552679416
YEARS_BEGINEXPLUATATION_AVG,float64,application_train raw,0.48781019215572774
YEARS_BUILD_AVG,float64,application_train raw,0.6649778381911542
COMMONAREA_AVG,float64,application_train raw,0.6987229725115525
ELEVATORS_AVG,float64,application_train raw,0.532959796560123
ENTRANCES_AVG,float64,application_train raw,0.503487680115508
FLOORSMAX_AVG,float64,application_train raw,0.4976082156410665
FLOORSMIN_AVG,float64,application_train raw,0.6784862980511266
LANDAREA_AVG,float64,application_train raw,0.5937673774271489
LIVINGAPARTMENTS_AVG,float64,application_train raw,0.6835495315614726
LIVINGAREA_AVG,float64,application_train raw,0.5019332641759157
NONLIVINGAPARTMENTS_AVG,float64,application_train raw,0.6943296337366793
NONLIVINGAREA_AVG,float64,application_train raw,0.5517916432257708
APARTMENTS_MODE,float64,application_train raw,0.5074972927797705
BASEMENTAREA_MODE,float64,application_train raw,0.5851595552679416
YEARS_BEGINEXPLUATATION_MODE,float64,application_train raw,0.48781019215572774
YEARS_BUILD_MODE,float64,application_train raw,0.6649778381911542
COMMONAREA_MODE,float64,application_train raw,0.6987229725115525
ELEVATORS_MODE,float64,application_train raw,0.532959796560123
ENTRANCES_MODE,float64,application_train raw,0.503487680115508
FLOORSMAX_MODE,float64,application_train raw,0.4976082156410665
FLOORSMIN_MODE,float64,application_train raw,0.6784862980511266
LANDAREA_MODE,float64,application_train raw,0.5937673774271489
LIVINGAPARTMENTS_MODE,float64,application_train raw,0.6835495315614726
LIVINGAREA_MODE,float64,application_train raw,0.5019332641759157
NONLIVINGAPARTMENTS_MODE,float64,application_train raw,0.6943296337366793
NONLIVINGAREA_MODE,float64,application_train raw,0.5517916432257708
APARTMENTS_MEDI,float64,application_train raw,0.5074972927797705
BASEMENTAREA_MEDI,float64,application_train raw,0.5851595552679416
YEARS_BEGINEXPLUATATION_MEDI,float64,application_train raw,0.48781019215572774
YEARS_BUILD_MEDI,float64,application_train raw,0.6649778381911542
COMMONAREA_MEDI,float64,application_train raw,0.6987229725115525
ELEVATORS_MEDI,float64,application_train raw,0.532959796560123
ENTRANCES_MEDI,float64,application_train raw,0.503487680115508
FLOORSMAX_MEDI,float64,application_train raw,0.4976082156410665
FLOORSMIN_MEDI,float64,application_train raw,0.6784862980511266
LANDAREA_MEDI,float64,application_train raw,0.5937673774271489
LIVINGAPARTMENTS_MEDI,float64,application_train raw,0.6835495315614726
LIVINGAREA_MEDI,float64,application_train raw,0.5019332641759157
NONLIVINGAPARTMENTS_MEDI,float64,application_train raw,0.6943296337366793
NONLIVINGAREA_MEDI,float64,application_train raw,0.5517916432257708
FONDKAPREMONT_MODE,category,application_train raw,0.6838617155158677
HOUSETYPE_MODE,category,application_train raw,0.50176091261776
TOTALAREA_MODE,float64,application_train raw,0.4826851722377411
WALLSMATERIAL_MODE,category,application_train raw,0.508407829313423
EMERGENCYSTATE_MODE,category,application_train raw,0.47398304450897694
OBS_30_CNT_SOCIAL_CIRCLE,float64,application_train raw,0.0033202064316398437
DEF_30_CNT_SOCIAL_CIRCLE,float64,application_train raw,0.0033202064316398437
OBS_60_CNT_SOCIAL_CIRCLE,float64,application_train raw,0.0033202064316398437
DEF_60_CNT_SOCIAL_CIRCLE,float64,application_train raw,0.0033202064316398437
DAYS_LAST_PHONE_CHANGE,float64,application_train raw,3.2519161916159095e-06
FLAG_DOCUMENT_2,int64,application_train raw,0.0
FLAG_DOCUMENT_3,int64,application_train raw,0.0
FLAG_DOCUMENT_4,int64,application_train raw,0.0
FLAG_DOCUMENT_5,int64,application_train raw,0.0
FLAG_DOCUMENT_6,int64,application_train raw,0.0
FLAG_DOCUMENT_7,int64,application_train raw,0.0
FLAG_DOCUMENT_8,int64,application_train raw,0.0
FLAG_DOCUMENT_9,int64,application_train raw,0.0
FLAG_DOCUMENT_10,int64,application_train raw,0.0
FLAG_DOCUMENT_11,int64,application_train raw,0.0
FLAG_DOCUMENT_12,int64,application_train raw,0.0
FLAG_DOCUMENT_13,int64,application_train raw,0.0
FLAG_DOCUMENT_14,int64,application_train raw,0.0
FLAG_DOCUMENT_15,int64,application_train raw,0.0
FLAG_DOCUMENT_16,int64,application_train raw,0.0
FLAG_DOCUMENT_17,int64,application_train raw,0.0
FLAG_DOCUMENT_18,int64,application_train raw,0.0
FLAG_DOCUMENT_19,int64,application_train raw,0.0
FLAG_DOCUMENT_20,int64,application_train raw,0.0
FLAG_DOCUMENT_21,int64,application_train raw,0.0
AMT_REQ_CREDIT_BUREAU_HOUR,float64,application_train raw,0.13501630835970097
AMT_REQ_CREDIT_BUREAU_DAY,float64,application_train raw,0.13501630835970097
AMT_REQ_CREDIT_BUREAU_WEEK,float64,application_train raw,0.13501630835970097
AMT_REQ_CREDIT_BUREAU_MON,float64,application_train raw,0.13501630835970097
AMT_REQ_CREDIT_BUREAU_QRT,float64,application_train raw,0.13501630835970097
AMT_REQ_CREDIT_BUREAU_YEAR,float64,application_train raw,0.13501630835970097
bureau_n_loans,float64,bureau/bureau_balance aggregation,0.0
bureau_n_active,float64,bureau/bureau_balance aggregation,0.0
bureau_share_active,float64,bureau/bureau_balance aggregation,0.14314935075493235
bureau_n_card,float64,bureau/bureau_balance aggregation,0.0
bureau_share_card,float64,bureau/bureau_balance aggregation,0.14314935075493235
bureau_debt_sum,float64,bureau/bureau_balance aggregation,0.0
bureau_debt_max,float64,bureau/bureau_balance aggregation,0.16708345392522544
bureau_credit_sum,float64,bureau/bureau_balance aggregation,0.0
bureau_credit_max,float64,bureau/bureau_balance aggregation,0.14315260267112395
bureau_limit_sum,float64,bureau/bureau_balance aggregation,0.0
bureau_overdue_amt_sum,float64,bureau/bureau_balance aggregation,0.0
bureau_overdue_amt_max,float64,bureau/bureau_balance aggregation,0.14314935075493235
bureau_max_overdue_amt,float64,bureau/bureau_balance aggregation,0.4020181391885168
bureau_days_overdue_mean,float64,bureau/bureau_balance aggregation,0.14314935075493235
bureau_days_overdue_max,float64,bureau/bureau_balance aggregation,0.14314935075493235
bureau_n_overdue_now,float64,bureau/bureau_balance aggregation,0.0
bureau_n_prolonged,float64,bureau/bureau_balance aggregation,0.0
bureau_days_credit_max,float64,bureau/bureau_balance aggregation,0.14314935075493235
bureau_days_credit_mean,float64,bureau/bureau_balance aggregation,0.14314935075493235
bureau_days_credit_min,float64,bureau/bureau_balance aggregation,0.14314935075493235
bureau_annuity_sum,float64,bureau/bureau_balance aggregation,0.0
bureau_bb_months_sum,float64,bureau/bureau_balance aggregation,0.0
bureau_bb_max_dpd,float64,bureau/bureau_balance aggregation,0.700072517731073
bureau_bb_share_dpd_mean,float64,bureau/bureau_balance aggregation,0.700072517731073
bureau_bb_share_dpd_max,float64,bureau/bureau_balance aggregation,0.700072517731073
bureau_utilization,float64,bureau/bureau_balance aggregation,0.14667117599045237
prev_n_applications,float64,previous_application aggregation,0.0
prev_n_approved,float64,previous_application aggregation,0.0
prev_n_refused,float64,previous_application aggregation,0.0
prev_approval_rate,float64,previous_application aggregation,0.05350702901684818
prev_refusal_share,float64,previous_application aggregation,0.05350702901684818
prev_share_revolving,float64,previous_application aggregation,0.05350702901684818
prev_req_vs_granted_mean,float64,previous_application aggregation,0.05424521399234499
prev_req_vs_granted_max,float64,previous_application aggregation,0.05424521399234499
prev_days_decision_max,float64,previous_application aggregation,0.05350702901684818
prev_days_decision_min,float64,previous_application aggregation,0.05350702901684818
prev_cnt_payment_mean,float64,previous_application aggregation,0.05485657423636878
prev_cnt_payment_max,float64,previous_application aggregation,0.05485657423636878
prev_amt_application_mean,float64,previous_application aggregation,0.05350702901684818
prev_amt_application_max,float64,previous_application aggregation,0.05350702901684818
prev_down_payment_rate_mean,float64,previous_application aggregation,0.11025947039292903
has_bureau_history,int8,missingness/sentinel flag,0.0
has_prev_history,int8,missingness/sentinel flag,0.0
is_pensioner,int8,missingness/sentinel flag,0.0
EXT_SOURCE_1_is_missing,int8,missingness/sentinel flag,0.0
EXT_SOURCE_2_is_missing,int8,missingness/sentinel flag,0.0
EXT_SOURCE_3_is_missing,int8,missingness/sentinel flag,0.0
annuity_missing,int8,missingness/sentinel flag,0.0
goods_price_missing,int8,missingness/sentinel flag,0.0
credit_income_ratio,float64,domain ratio,0.0
annuity_income_ratio,float64,domain ratio,3.9022994299390916e-05
payment_rate,float64,domain ratio,3.9022994299390916e-05
credit_goods_ratio,float64,domain ratio,0.0009040327012692228
employment_stability,float64,domain ratio,0.18007160719453938
income_per_person,float64,domain ratio,6.503832383231819e-06
age_years,float64,domain ratio,0.0
employment_years,float64,domain ratio,0.18007160719453938
term_years,float64,domain ratio,3.9022994299390916e-05
ext_source_mean,float64,domain ratio,0.0005593295849579365
ext_source_min,float64,domain ratio,0.0005593295849579365
ext_source_n_missing,int8,domain ratio,0.0
